Workbook

Sheet PAINEL
A1: LIMIAR — Registro Canônico
A2: Escrita completa · prompts de arte prontos (bestiário + domínios, 71 peças) · faltam: playtest, produção da arte, diagramação
A4: COMO USAR
A5: 1. Todo item criado entra primeiro na aba INDICE, com ID, e só depois é escrito.
A6: 2. Escreva usando o template da Parte VI do Roteiro Mestre. Registre na aba do tipo.
A7: 3. Rode o checklist da Parte X. Contradição encontrada vai para CONTRADICOES — não resolva na hora.
A8: 4. No fim da fase, o portão audita 100% dos itens. Só contradição ESTRUTURAL bloqueia.
A9: 5. Células em amarelo são as que você preenche. As demais linhas de exemplo podem ser apagadas.
A11: VOLUMETRIA — LIVRO I
A12: Elemento | B12: Meta | C12: Registrados | D12: Em CANON | E12: % da meta
A13: Domínios | B13: 24 | C13: =COUNTA(DOMINIOS!A3:A400) -> 24 | D13: =COUNTIF(DOMINIOS!I3:I400,"CANON") -> 24 | E13: =IFERROR(D13/B13,0) -> 1
A14: Entidades | B14: 42 | C14: =COUNTA(ENTIDADES!A3:A400) -> 42 | D14: =COUNTIF(ENTIDADES!I3:I400,"CANON") -> 42 | E14: =IFERROR(D14/B14,0) -> 1
A15: Objetos | B15: 60 | C15: =COUNTA(OBJETOS!A3:A400) -> 60 | D15: =COUNTIF(OBJETOS!G3:G400,"CANON") -> 60 | E15: =IFERROR(D15/B15,0) -> 1
A16: Documentos | B16: 36 | C16: =COUNTA(DOCUMENTOS!A3:A400) -> 36 | D16: =COUNTIF(DOCUMENTOS!I3:I400,"CANON") -> 36 | E16: =IFERROR(D16/B16,0) -> 1
A17: Facções | B17: 6 | C17: =COUNTA(FACCOES!A3:A400) -> 6 | D17: =COUNTIF(FACCOES!H3:H400,"CANON") -> 6 | E17: =IFERROR(D17/B17,0) -> 1
A18: Campanhas | B18: 5 | C18: =COUNTA(CAMPANHAS!A3:A400) -> 5 | D18: =COUNTIF(CAMPANHAS!H3:H400,"CANON") -> 5 | E18: =IFERROR(D18/B18,0) -> 1
A19: NPCs | B19: 20 | C19: =COUNTA(NPCS!A3:A400) -> 20 | D19: =COUNTIF(NPCS!H3:H400,"CANON") -> 20 | E19: =IFERROR(D19/B19,0) -> 1
A20: Ilustrações | B20: 80 | C20: =COUNTA(ARTE!A3:A400) -> 36 | D20: =COUNTIF(ARTE!G3:G400,"CANON") -> 0 | E20: =IFERROR(D20/B20,0) -> 0
A22: Meta em azul = número fixado no Roteiro Mestre, Parte I.4. Registrados conta linhas na aba; Em CANON conta apenas itens com status congelado.
A23: Contradições abertas: | C23: =COUNTIF(CONTRADICOES!G3:G400,"ABERTA") -> 0

Sheet INDICE
A1: Índice mestre de todo item do projeto. Todo item criado entra aqui ANTES de ser escrito. Tipos: LEI · COSMO · REGRA · DOMINIO · ENTIDADE · OBJETO · DOC · FACCAO · CAMPANHA · NPC · ARTE · LAYOUT
A2: ID | B2: Tipo | C2: Nome | D2: Fase | E2: Status | F2: Versão | G2: Data | H2: Arquivo | I2: Observação
A3: LEI-01 | B3: LEI | C3: Da Natureza | D3: F1 | E3: LEI | F3: v1.0 | G3: 2026-08-04 | H3: LIMIAR_Constituicao_do_Universo_Fase_1_v1.md | I3: O Limiar não quer nada
A4: LEI-02 | B4: LEI | C4: Do Limite | D4: F1 | E4: LEI | F4: v1.0 | G4: 2026-08-04 | H4: LIMIAR_Constituicao_do_Universo_Fase_1_v1.md | I4: Nem finito nem infinito
A5: LEI-03 | B5: LEI | C5: Da Leitura | D5: F1 | E5: LEI | F5: v1.0 | G5: 2026-08-04 | H5: LIMIAR_Constituicao_do_Universo_Fase_1_v1.md | I5: Absorve Arquitetura, não fatos
A6: LEI-04 | B6: LEI | C6: Da Impressão | D6: F1 | E6: LEI | F6: v1.0 | G6: 2026-08-04 | H6: LIMIAR_Constituicao_do_Universo_Fase_1_v1.md | I6: Nenhuma passagem é neutra
A7: LEI-05 | B7: LEI | C7: Da Reciprocidade | D7: F1 | E7: LEI | F7: v1.0 | G7: 2026-08-04 | H7: LIMIAR_Constituicao_do_Universo_Fase_1_v1.md | I7: Mútua, mas não simétrica
A8: LEI-06 | B8: LEI | C8: Do Tempo | D8: F1 | E8: LEI | F8: v1.0 | G8: 2026-08-04 | H8: LIMIAR_Constituicao_do_Universo_Fase_1_v1.md | I8: O tempo é local
A9: LEI-07 | B9: LEI | C9: Da Percepção Compartilhada | D9: F1 | E9: LEI | F9: v1.0 | G9: 2026-08-04 | H9: LIMIAR_Constituicao_do_Universo_Fase_1_v1.md | I9: Duas pessoas veem quase o mesmo
A10: LEI-08 | B10: LEI | C10: Da Morte | D10: F1 | E10: LEI | F10: v1.0 | G10: 2026-08-04 | H10: LIMIAR_Constituicao_do_Universo_Fase_1_v1.md | I10: Morrer não interrompe a leitura
A11: LEI-09 | B11: LEI | C11: Da Saída | D11: F1 | E11: LEI | F11: v1.0 | G11: 2026-08-04 | H11: LIMIAR_Constituicao_do_Universo_Fase_1_v1.md | I11: Sair exige Assimilação 2 ou menos
A12: LEI-10 | B12: LEI | C12: Do Erro | D12: F1 | E12: LEI | F12: v1.0 | G12: 2026-08-04 | H12: LIMIAR_Constituicao_do_Universo_Fase_1_v1.md | I12: Reorganiza, não verifica
A13: LEI-11 | B13: LEI | C13: Da Costura | D13: F1 | E13: LEI | F13: v1.0 | G13: 2026-08-04 | H13: LIMIAR_Constituicao_do_Universo_Fase_1_v1.md | I13: Interrompível, não ferível
... A110: ART-PRM2 | B110: ARTE | C110: Prompts de imagem dos Domínios (24) | D110: F11 | E110: CANON | F110: v1.0 | G110: 2026-08-05 | H110: LIMIAR_Prompts_Dominios_v1.md | I110: Mesmo bloco de estilo do Bestiário · 30 prompts (12 dos 6 profundos + 18)

Sheet TERMOS
A1: Léxico canônico. Nenhum texto do projeto pode usar um termo que não esteja aqui. A coluna de sinônimos proibidos é o que o Revisor busca no texto.
A2: Termo | B2: Definição | C2: Status | D2: 1ª aparição | E2: Sinônimos proibidos
A3: Limiar | B3: Constructo vivo; estrutura fundamental do universo; casulo recíproco | C3: LEI | D3: Cap. 01 | E3: —
A4: Domínio | B4: Manifestação de um conceito assimilado; unidade de espaço | C4: CANON | D4: Cap. 17 | E4: nível, andar
A5: Camada | B5: Subseção interna de um domínio; transição nunca é porta | C5: CANON | D5: Cap. 17 | E5: sub-nível
A6: Camada Submersa | B6: Estado aquático que certos domínios apresentam | C6: CANON | D6: Cap. 17 | E6: poolrooms
A7: Descompasso | B7: Falha da Arquitetura mental que permite a travessia | C7: CANON | D7: Cap. 03 | E7: noclip
A8: Arquitetura | B8: Forma como uma consciência organiza a realidade | C8: LEI | D8: Cap. 02 | E8: mente, alma
A9: Assimilação | B9: Reorganização permanente da Arquitetura de alguém | C9: CANON | D9: Cap. 12 | E9: corrupção
A10: Artefato | B10: Erro perceptível de reorganização; corrupção visível do real | C10: CANON | D10: Cap. 07 | E10: glitch
A11: Ruído | B11: Grau de corrupção numa rolagem, num lugar ou numa pessoa | C11: CANON | D11: Cap. 07 | E11: —
A12: Sinal | B12: Quanto o domínio percebe o grupo; trilha ambiental 0–6 | C12: CANON | D12: Cap. 08 | E12: ruído (nunca)
A13: Impressão | B13: Registro que um grupo deixa num domínio e que retorna | C13: LEI | D13: Cap. 17 | E13: —
... A64: Regra da Remontagem | B64: Permissão ao Zelador de remontar trechos não Confirmados | C64: CANON | D64: Cap. 22 | E64: —

Sheet DOMINIOS
A1: Um dos 24 domínios por linha. Conceito assimilado NÃO PODE se repetir entre linhas — é a checagem principal desta aba.
A2: ID | B2: Nome | C2: Conceito assimilado | D2: Camadas | E2: Entidades [IDs] | F2: Recursos [IDs] | G2: Documentos [IDs] | H2: Profundidade | I2: Status | J2: Impressão máx. registrada
A3: DOM-001 | B3: A Espera | C3: A submissão ao tempo alheio | D3: 1 Saguão, 2 Atrás do Vidro, 3 A Contagem | E3: ENT-001, ENT-002, ENT-003 | F3: Água de bebedouro, Senha de papel | G3: DOC-003 | H3: Máxima | I3: CANON | J3: —
A60: DOM-003 | B60: Água Rasa | C60: Ser cuidado é ser vigiado | D60: 1 Raso, 2 Submersa, 3 A Cadeira | E60: ENT-004, ENT-005, ENT-006 | F60: Água tratada, Apito de salva-vidas | G60: DOC-009 | H60: Máxima | I60: CANON | J60: —
A61: DOM-004 | B61: A Repartição | C61: Autoridade sem rosto | D61: 1 Corredor, 2 Setor, 3 Instância Superior | E61: ENT-002, ENT-007, ENT-008 | F61: Formulário em branco, Prancheta e papel | G61: DOC-014 | H61: Máxima | I61: CANON | J61: —
A62: DOM-007 | B62: Arquivo Morto | C62: Registrar sem nunca ler | D62: 1 Estantes, 2 Consulta, 3 Índice | E62: ENT-009, ENT-010, ENT-011 | F62: Calha de serviço, Lápis-cópia | G62: DOC-021 | H62: Máxima | I62: CANON | J62: —
A63: DOM-009 | B63: Turno da Noite | C63: Vigília obrigatória | D63: 1 Ronda, 2 Posto, 3 Ocorrência | E63: ENT-015, ENT-016, ENT-017 | F63: Café da recepção, Molho de chaves | G63: DOC-033 | H63: Máxima | I63: CANON | J63: —
A64: DOM-014 | B64: Costura | C64: O reparo como forma de existência | D64: 1 Canteiro, 2 Ponto, 3 Avesso | E64: ENT-012, ENT-013, ENT-014 | F64: Material recuperado, Ferramenta quente | G64: DOC-027 | H64: Máxima | I64: CANON | J64: —
A65: DOM-002 | B65: Bloco C | C65: Identidade dissolvida na repetição | D65: 1 e 2 | E65: ENT-018, ENT-005 | F65: Roupa seca | G65: DOC-002 | H65: Média | I65: CANON | J65: —
A66: DOM-005 | B66: Recesso | C66: Aprendizado sem destinatário | D66: 1 e 2 | E66: ENT-019 | F66: Giz | G66: DOC-005 | H66: Média | I66: CANON | J66: —
A67: DOM-006 | B67: Praça de Alimentação | C67: Abundância sem apetite | D67: 1 e 2 | E67: ENT-020, ENT-017 | F67: Guardanapo de papel | G67: DOC-006 | H67: Média | I67: CANON | J67: —
A68: DOM-008 | B68: A Última Baldeação | C68: Estar sempre a caminho | D68: 1 e 2 | E68: ENT-021 | F68: Passagem | G68: DOC-008 | H68: Média | I68: CANON | J68: —
A69: DOM-010 | B69: Vapor de Sódio | C69: A estrada como lugar, não caminho | D69: 1 e 2 | E69: ENT-022 | F69: Combustível | G69: DOC-010 | H69: Média | I69: CANON | J69: —
... A82: DOM-024 | B82: Sala Limpa | C82: Higiene como apagamento | D82: 1 e 2 | E82: ENT-035 | F82: Desinfetante | G82: NENHUM (por design) | H82: Média | I82: CANON | J82: —

Sheet ENTIDADES
A1: Categorias: Órgão · Sintoma · Resíduo · Erro · Visitante. Bloqueio: rota · recurso · informação · descanso · identidade. Entidade sem medo coletivo declarado não pode sair de RASCUNHO.
A2: ID | B2: Nome | C2: Categoria ecológica | D2: Medo coletivo de origem | E2: Domínios [IDs] | F2: Tipo de bloqueio | G2: Persistência | H2: Ameaça | I2: Status
A59: ENT-001 | B59: A Fila | C59: Resíduo | D59: Perder o lugar que você conquistou só por chegar antes | E59: DOM-001 | F59: Rota | G59: — | H59: 2 | I59: CANON
A60: ENT-002 | B60: O Aferidor | C60: Órgão | D60: Ser medido por um critério que não te contaram | E60: DOM-001, DOM-004 | F60: Informação | G60: — | H60: 2 | I60: CANON
A61: ENT-003 | B61: Quem Atende | C61: Órgão | D61: Virar a função que você exerce | E61: DOM-001 | F61: Identidade | G61: — | H61: 2 | I61: CANON
A62: ENT-004 | B62: O Guardião de Perímetro | C62: Órgão | D62: Que quem cuida de você esteja apenas te contando | E62: DOM-003 | F62: Rota | G62: — | H62: 1 | I62: CANON
A63: ENT-005 | B63: Os Que Boiam | C63: Resíduo | D63: Descansar e não voltar | E63: DOM-003, DOM-011 | F63: Descanso | G63: 2 | H63: 2 | I63: CANON
A64: ENT-006 | B64: O Apito | C64: Erro | D64: — (é Erro: remontagem que não fechou, LEI 10) | E64: DOM-003 | F64: Recurso | G64: — | H64: — | I64: CANON
A65: ENT-007 | B65: O Titular | C65: Órgão | D65: Que alguém decida por você e nunca vá te ouvir | E65: DOM-004 | F65: Informação | G65: — | H65: — | I65: CANON
A66: ENT-008 | B66: Os Protocolados | C66: Resíduo | D66: Virar o seu próprio processo | E66: DOM-004 | F66: Identidade | G66: 3 | H66: 2 | I66: CANON
A67: ENT-009 | B67: O Arquivista | C67: Órgão | D67: Que alguém saiba tudo sobre você e não tenha curiosidade nenhuma | E67: DOM-007 | F67: Informação | G67: — | H67: 1 | I67: CANON
A68: ENT-010 | B68: Os Sem Etiqueta | C68: Erro | D68: — (Erro: caixas que se movem, LEI 10) | E68: DOM-007 | F68: Rota | G68: — | H68: 1 | I68: CANON
A69: ENT-011 | B69: Consulente | C69: Resíduo | D69: Ficar lendo e não conseguir parar | E69: DOM-007 | F69: Descanso | G69: 2 | H69: 1 | I69: CANON
... A100: ENT-042 | B100: Aquilo Que Conta | C100: Órgão | D100: Ser um número num total que você nunca vai ver | E100: nômade | F100: Identidade | G100: — | H100: 1 | I100: CANON

Sheet OBJETOS
A1: Tipos: mundano · consumível · ferramenta · tecnologia · ARTEFATO. Só ARTEFATO tem custo de Assimilação.
A2: ID | B2: Nome | C2: Tipo | D2: Domínios [IDs] | E2: Dado de Recurso | F2: Custo de Assimilação | G2: Status
A59: OBJ-001 | B59: Lanterna de mão | C59: mundano | D59: vários | E59: d10 | F59: — | G59: CANON
A60: OBJ-002 | B60: Lanterna de cabeça | C60: mundano | D60: vários | E60: d8 | F60: — | G60: CANON
A61: OBJ-003 | B61: Lanterna de vigia | C61: mundano | D61: vários | E61: d10 | F61: — | G61: CANON
A62: OBJ-004 | B62: Isqueiro | C62: mundano | D62: vários | E62: d4 | F62: — | G62: CANON
A63: OBJ-005 | B63: Vela de sete dias | C63: mundano | D63: vários | E63: d6 | F63: — | G63: CANON
A64: OBJ-006 | B64: Carregador portátil | C64: mundano | D64: vários | E64: d6 | F64: — | G64: CANON
A65: OBJ-007 | B65: Rádio comunicador | C65: mundano | D65: vários | E65: d8 | F65: — | G65: CANON
A66: OBJ-008 | B66: Pé de cabra | C66: mundano | D66: vários | E66: — | F66: — | G66: CANON
A67: OBJ-009 | B67: Chave mestra de prédio | C67: mundano | D67: vários | E67: — | F67: — | G67: CANON
A68: OBJ-010 | B68: Cinto de ferramentas | C68: mundano | D68: vários | E68: — | F68: — | G68: CANON
A69: OBJ-011 | B69: Alicate universal | C69: mundano | D69: vários | E69: — | F69: — | G69: CANON
... A118: ART-008 | B118: A Chave da Porta em Branco | C118: ARTEFATO | D118: DOM-012 | E118: — | F118: +1 Grau de Assimilação por uso | G118: CANON

Sheet DOCUMENTOS
A1: Veracidade: verdadeiro · parcial · falso · falso e sincero. Documento sem autor nomeado é cortado.
A2: ID | B2: Tipo | C2: Autor | D2: Por que foi escrito | E2: Por que foi abandonado | F2: Veracidade | G2: Domínio [ID] | H2: O que revela | I2: Status
A59: DOC-003 | B59: diário | C59: Cartógrafo não identificado | D59: Medir a taxa de subida do painel | E59: Preso sob uma cadeira, nove visitas depois | F59: parcial | G59: DOM-001 | H59: Que o painel é a única medida de tempo — e que as medições não batem | I59: CANON
A60: DOC-009 | B60: formulário | C60: Preenchido por autor desconhecido | D60: Organizar a escala de plantão dos salva-vidas | E60: Guardado numa bolsa com roupa seca | F60: falso e sincero | G60: DOM-003 | H60: Nada verdadeiro — mas quem escreveu acreditava | I60: CANON
A61: DOC-014 | B61: protocolo | C61: Servidor não identificado | D61: Padronizar procedimentos do setor | E61: Deixado no corredor, ainda em uso | F61: verdadeiro | G61: DOM-004 | H61: Como operar o domínio — e operar o domínio torna você funcionário | I61: CANON
A62: DOC-021 | B62: diário | C62: Arquivista | D62: Indexar uma seção do Arquivo | E62: Terminado; o autor continuou | F62: verdadeiro | G62: DOM-007 | H62: Índice correto · a letra muda ao longo das páginas | I62: CANON
A63: DOC-027 | B63: protocolo | C63: Costureira | D63: Registrar um reparo e a origem do material | E63: Preso num prego, serviço concluído | F63: verdadeiro | G63: DOM-014 | H63: Que o material de um conserto vem de outro domínio | I63: CANON
A64: DOC-033 | B64: relatório | C64: Vigia (Posto 4?) | D64: Registrar as rondas do turno | E64: Guardado numa gaveta da recepção | F64: verdadeiro | G64: DOM-009 | H64: As últimas 40 páginas registram o mesmo turno repetido | I64: CANON
A65: DOC-002 | B65: bilhete | C65: A Administração | D65: Regular o uso do varal | E65: Afixado na portaria | F65: verdadeiro | G65: DOM-002 | H65: — | I65: CANON
A66: DOC-005 | B66: protocolo | C66: Professora | D66: Preparar uma aula | E66: O recesso não terminou | F66: verdadeiro | G66: DOM-005 | H66: — | I66: CANON
A67: DOC-006 | B67: formulário | C67: Franqueado | D67: Listar produtos e preços | E67: Deixado na mesa | F67: falso e sincero | G67: DOM-006 | H67: — | I67: CANON
A68: DOC-008 | B68: formulário | C68: Bilheteria | D68: Registrar um embarque | E68: Usado e descartado | F68: verdadeiro | G68: DOM-008 | H68: — | I68: CANON
A69: DOC-010 | B69: formulário | C69: Frentista | D69: Registrar um abastecimento | E69: Ficou na bomba | F69: verdadeiro | G69: DOM-010 | H69: — | I69: CANON
... A94: DOC-035 | B94: carta | C94: família | D94: Procurar um desaparecido | E94: — | F94: verdadeiro | G94: nômade | H94: — | I94: CANON

Sheet FACCOES
A1: Seis facções. Cada uma precisa de território em 2+ domínios e 3 NPCs nomeados.
A2: ID | B2: Nome | C2: Tese | D2: Método | E2: Territórios [DOM-IDs] | F2: NPCs [IDs] | G2: Erro fatal de doutrina | H2: Status
A3: FAC-001 | B3: Cartógrafos | C3: O Limiar é mapeável | D3: Registro obsessivo, rotas fixas | E3: DOM-001, DOM-012, DOM-016 | F3: NPC-001, NPC-003, NPC-004 | G3: Registram o que encontraram, não o que está; defendem o mapa contra a evidência | H3: CANON
A60: FAC-002 | B60: A Repartição | C60: A ordem antiga ainda vale | D60: Burocracia recriada e funcional | E60: DOM-004, DOM-001, DOM-009, DOM-016 | F60: NPC-005, NPC-006, NPC-012 | G60: Acreditam que há uma instância superior; ninguém decide | H60: CANON
A61: FAC-003 | B61: Os Quietos | C61: O silêncio impede a leitura | D61: Sem nomes, sem fala, sem escrita própria | E61: DOM-017 | F61: NPC-008, NPC-009 | G61: Destroem o vínculo, que é a única defesa real (LEI 12) | H61: CANON
A62: FAC-004 | B62: Costura | C62: O Limiar é sagrado; a metamorfose é boa | D62: Cultuam pelo trabalho; assimilação voluntária | E62: DOM-014, DOM-003, DOM-022 | F62: NPC-010, NPC-015 | G62: A doutrina repousa num testemunho que não existe | H62: CANON
A63: FAC-005 | B63: Reincidentes | C63: Dá para sair e dá para voltar | D63: Mercenários e guias, sem base fixa | E63: nenhum, por doutrina | F63: NPC-007, NPC-016, NPC-017 | G63: Todos em Grau 2; cada trabalho aproxima do 3 | H63: CANON
A64: FAC-006 | B64: A Companhia | C64: Isto é um objeto de estudo | D64: Protocolo científico, coleta e amostragem | E64: DOM-003, DOM-022, DOM-017 | F64: NPC-018, NPC-019 | G64: Seguem um cronograma sem ano; fase 2 sem critério de conclusão | H64: CANON

Sheet REGRAS
A1: Pilares: Paranoia · Desconexão · Estranhamento · Reciprocidade. Regra sem pilar declarado é cortada.
A2: ID | B2: Subsistema | C2: Pilar servido | D2: Leis que governam | E2: Capítulo | F2: Status | G2: Playtest
A3: REG-01 | B3: Resolução | C3: Reciprocidade, Paranoia | D3: 01, 03, 07 | E3: Cap. 06 | F3: RASCUNHO | G3: P1 pendente
A4: REG-09 | B4: Saída | C4: Reciprocidade | D4: 09 | E4: Cap. 12 | F4: RASCUNHO | G4: P1 pendente

Sheet CAMPANHAS
A1: Campanhas NÃO podem inventar material novo. Tudo que usam precisa existir nas outras abas.
A2: ID | B2: Nome | C2: Sessões | D2: Função | E2: Domínios usados | F2: Entidades usadas | G2: Documentos usados | H2: Status
A3: CAM-01 | B3: Primeira Noite | C3: 3–4 | D3: Introdutória | E3: DOM-001, DOM-021, DOM-012 | F3: ENT-001, ENT-002, ENT-032 | G3: DOC-003 | H3: CANON
A60: CAM-02 | B60: Cartografia da Espera | C60: 5–6 | D60: Intermediária · Impressão e mapa degradado | E60: DOM-001, DOM-021, DOM-012 | F60: ENT-001, ENT-002 | G60: DOC-003, DOC-036 | H60: CANON
A61: CAM-03 | B61: Expediente | C61: 5–6 | D61: Intermediária · facções e documento falso | E61: DOM-004, DOM-016, DOM-012 | F61: ENT-002, ENT-007, ENT-008 | G61: DOC-014, DOC-012 | H61: CANON
A62: CAM-04 | B62: Corrente Descendente | C62: 6–8 | D62: Intermediária · recursos e assimilação | E62: DOM-003, DOM-011, DOM-022 | F62: ENT-004, ENT-005, ENT-006 | G62: DOC-009, DOC-022 | H62: CANON
A63: CAM-05 | B63: O Casulo | C63: 12–20 | D63: Principal · a pergunta central, deliberadamente aberta | E63: DOM-014, DOM-007, DOM-017 | F63: ENT-012, todas as leituras | G63: — | H63: CANON

Sheet NPCS
A1: Vinte NPCs nomeados. Desejo, mentira e verdade escondida são obrigatórios.
A2: ID | B2: Nome | C2: Facção | D2: Domínio habitual | E2: Desejo | F2: Mentira que conta | G2: Verdade que esconde | H2: Status
A3: NPC-001 | B3: Otávio Bicalho | C3: Cartógrafos | D3: DOM-001 | E3: Fechar o mapa do setor leste | F3: Que já mapeou tudo | G3: Que perdeu o caderno há três Marchas | H3: CANON
A60: NPC-002 | B60: Dinorá | C60: — | D60: DOM-001 | E60: Entender por que concordou em esperar | F60: Que volta por acaso | G60: Que volta uma vez por mês, de propósito | H60: CANON
A61: NPC-007 | B61: Bicudo | C61: Reincidentes | D61: DOM-003 | E61: Ser acreditado | F61: Que saiu de Água Rasa inteiro | G61: Um Guardião usa a bermuda dele | H61: CANON
A62: NPC-011 | B62: Posto 4 | C62: — | D62: DOM-009 | E62: Não ser rendido | F62: Que está esperando a rendição | G62: Que recusa a rendição há tempo indeterminado | H62: CANON
A63: NPC-012 | B63: Osmar | C63: A Repartição | D63: DOM-012 | E63: Manter o cadastro em dia | F63: Que tem autorização para cobrar pedágio | G63: Que escreveu a própria autorização | H63: CANON
A64: NPC-013 | B64: Neuza | C64: — | D64: DOM-001 | E64: Ir embora agora, a qualquer custo | F64: Que sabe o caminho | G64: Que já tentou três saídas | H64: CANON
A65: NPC-014 | B65: Zé Neto | C65: — | D65: DOM-021 | E65: Ser rendido do posto que assumiu sozinho | F65: Que guarda lugar para o irmão | G65: Que não tem irmão nenhum | H65: CANON
A66: NPC-003 | B66: Odete Ramires | C66: Cartógrafos | D66: DOM-001 | E66: Terminar o levantamento antes de não conseguir | F66: Que o mapa está atualizado | G66: Sabe que está desatualizado; vende a versão antiga | H66: CANON
A67: NPC-004 | B67: Genésio Tavares | C67: Cartógrafos | D67: DOM-019 | E67: Cruzar inventário e índice | F67: Que faz por curiosidade | G67: Procura um objeto da mulher e não diz qual | H67: CANON
A68: NPC-005 | B68: Sr. Augusto Neves | C68: A Repartição | D68: DOM-004 | E68: Manter o expediente funcionando | F68: Que recebe orientação superior | G68: Nunca recebeu; escreve os próprios despachos | H68: CANON
A69: NPC-006 | B69: Clarice do Amparo | C69: A Repartição | D69: DOM-004 | E69: Ser transferida | F69: Que a transferência está em análise | G69: O deferimento saiu; ela não abriu o envelope | H69: CANON
... A78: NPC-020 | B78: O Cartaz | C78: — | D78: nômade | E78: — | F78: — | G78: A foto é da dra. Bittencourt, que assina o relatório fundador da Companhia | H78: CANON

Sheet LINHA_DO_TEMPO
A1: ATENÇÃO: pela LEI 06 não existe cronologia global. Esta aba registra eventos por fonte, nunca em ordem absoluta. Contradições entre fontes são conteúdo, não erro.
A2: Evento | B2: Fonte | C2: Confiabilidade | D2: Contradiz | E2: Observação
A3: A Repartição institui o sistema de senhas | B3: DOC-014 (relatório interno) | C3: Coerente | D3: DOC-021 | E3: A LEI 06 impede cronologia global — datas são sempre locais

Sheet CONTRADICOES
A1: Gravidade: cosmética · funcional · estrutural. APENAS contradições ESTRUTURAIS bloqueiam um portão de fase. Nunca resolva uma contradição na hora — registre aqui e resolva no portão.
A2: ID | B2: Descrição | C2: Elementos envolvidos | D2: Gravidade | E2: Resolução | F2: Data | G2: Status
A3: CTR-001 | B3: Motor escrito antes das Leis; LEI 09 cria regra de saída inexistente na v0.1 | C3: LEI-09, REG-01 | D3: funcional | E3: Ratificação R1 aplicada na Fase 1 | F3: 2026-08-04 | G3: RESOLVIDA
A4: CTR-002 | B4: Tabela de Artefatos tem 20 de 36 entradas previstas | C4: REG-04 | D4: cosmética | E4: Tabela completada em 36 entradas (6 classes) no motor v0.2 | F4: 2026-08-04 | G4: RESOLVIDA
A5: CTR-003 | B5: Roteiro v1.0 apresentava as 14 decisões como pendentes e o Livro I como volume único de 558 pg, após aprovação em bloco | C5: Roteiro, Parte V, Parte XIII | D5: funcional | E5: Roteiro corrigido para v1.1: decisões marcadas como aprovadas, divisão em dois volumes aplicada | F5: 2026-08-04 | G5: RESOLVIDA
A6: CTR-004 | B6: Colisão de nomenclatura entre Ruído (corrupção) e ruído ambiental | C6: REG-04, Sinal | D6: funcional | E6: Trilha ambiental renomeada para Sinal; auditar todo texto futuro | F6: 2026-08-04 | G6: RESOLVIDA
A7: CTR-005 | B7: Fenômenos de alteração de realidade próximos: Deferimento (DOM-004) e Ocorrência (DOM-009) | C7: DOM-004, DOM-009 | D7: funcional | E7: Separados por eixo e velocidade: Deferimento altera o futuro com demora institucional; Ocorrência altera o passado recente, imediata | F7: 2026-08-04 | G7: RESOLVIDA
A8: CTR-006 | B8: ENT-006 (O Apito) não tem medo coletivo de origem, exigido pelo checklist X.3 | C8: ENT-006, ENT-039, ENT-040, X.3 | D8: cosmética | E8: Checklist X.3 atualizado: entidades de categoria Erro e Sintoma são isentas do medo de origem por força da LEI 10 | F8: 2026-08-04 | G8: RESOLVIDA
A9: CTR-007 | B9: Mudança de escopo: alvo imediato passa de Volume 1 (~320 pg) para Edição Essencial (~208 pg) | C9: Roteiro Parte V, Parte V-A, cronograma | D9: funcional | E9: Roteiro atualizado para v1.2 com Parte V-A · marco M-E criado · nada produzido foi descartado | F9: 2026-08-05 | G9: RESOLVIDA
A10: CTR-008 | B10: Fase 2 deixou 2 adições de texto pendentes: Regra da Remontagem no Guia e Artefatos Mnemônicos em bilhete | C10: COSMO-04, REG-07, GUIA-01 | D10: cosmética | E10: Ambas incorporadas ao Guia do Zelador, seções 6 e 3 | F10: 2026-08-05 | G10: RESOLVIDA
A11: CTR-009 | B11: Kit P1 dava Assimilação 1 a Neide e Rangel por artifício de teste; fichas oficiais herdariam o erro | C11: PLAY-P1, PRONTOS | D11: funcional | E11: Fichas oficiais corrigidas para Assimilação 0; só o Reincidente começa assimilado, por regra da Entrada | F11: 2026-08-05 | G11: RESOLVIDA
A12: CTR-010 | B12: Materialização visual das 30 entidades padrão proposta nos prompts antes da ratificação da Fase 6 Lote 2 | C12: ART-PRM, ENT-003 a ENT-042 | D12: cosmética | E12: Materializações ratificadas nas fichas do Lote 2; passam a CANON | F12: 2026-08-05 | G12: RESOLVIDA
A13: CTR-011 | B13: Linhas de exemplo do template do Registro contadas como itens reais: ENT-001 (O Aferidor) e DOC-001 (Neide Fagundes) duplicavam IDs válidos | C13: Registro Canônico, abas ENTIDADES e DOCUMENTOS | D13: cosmética | E13: Ambas removidas; auditoria de IDs duplicados rodada em ENTIDADES, DOMINIOS, DOCUMENTOS e NPCS | F13: 2026-08-05 | G13: RESOLVIDA
A14: CTR-012 | B14: Fase 7 produziu 36 documentos para meta de 32; além disso DOC-013 e DOC-020 colidiram com registros da Fase 5 e dois IDs usavam sufixo (016b, 021b) | C14: DOC-CAT, aba DOCUMENTOS | D14: funcional | E14: Duplicatas removidas; 016b→036 e 021b→037; meta elevada a 36 por decisão de Editor — os 4 extras são peças de meia página; DOC-021b/037 removido por ser a senha de papel, já catalogada como ART-001 | F14: 2026-08-05 | G14: RESOLVIDA

Sheet ARTE
A1: Oitenta peças. Tipos: página inteira · meia página · spot · mapa · documento. As três linhas de briefing são obrigatórias antes de qualquer produção.
A2: ID | B2: Tipo | C2: Elemento [ID] | D2: O que se vê | E2: De onde se vê | F2: O que está errado | G2: Status
A3: ART-001 | B3: página inteira | C3: DOM-001 | D3: Sala de espera com senha eletrônica travada | E3: Da porta, altura dos olhos | F3: O painel marca uma senha acima do total de pessoas | G3: RASCUNHO
A60: ART-001 | B60: página inteira | C60: DOM-001 | D60: Saguão frontal, fileiras de cadeiras azuis vazias, painel ao fundo | E60: Da entrada, altura dos olhos | F60: Painel marca B-412; marca clara do relógio ausente | G60: RASCUNHO
A61: ART-014 | B61: página inteira | C61: DOM-003 | D61: Piscinas rasas ligadas por canaletas, cadeira de salva-vidas vazia | E61: De dentro da água, altura dos olhos | F61: A cadeira está de onde não se vê piscina nenhuma | G61: RASCUNHO
A62: ART-022 | B62: página inteira | C62: DOM-004 | D62: Corredor de repartição, portas com visor canelado, plaquinhas | E62: Do meio do corredor, altura dos olhos | F62: Plaquinhas marcam 312, 8, 47 · nenhuma cadeira | G62: RASCUNHO
A63: ART-031 | B63: página inteira | C63: DOM-007 | D63: Corredor entre estantes de aço com caixas de papelão | E63: Do corredor, altura dos olhos | F63: A poeira do chão está intacta, sem pegadas | G63: RASCUNHO
A64: ART-045 | B64: página inteira | C64: DOM-014 | D64: Canteiro com andaime, tapume azul, lona | E64: Do chão do canteiro, sob o andaime | F64: O trecho ao fundo não tem textura nenhuma | G64: RASCUNHO
A65: ART-052 | B65: página inteira | C65: DOM-009 | D65: Recepção de prédio comercial, balcão, livro aberto | E65: Do corredor interno, altura dos olhos | F65: Relógio marca 03h40 · emergência acesa | G65: RASCUNHO
A66: ART-004 | B66: meia página | C66: DOM-002 | D66: Ver briefing no Lote 3 | E66: Ver briefing | F66: Ver briefing | G66: RASCUNHO
A67: ART-008 | B67: meia página | C67: DOM-005 | D67: Ver briefing no Lote 3 | E67: Ver briefing | F67: Ver briefing | G67: RASCUNHO
A68: ART-011 | B68: meia página | C68: DOM-006 | D68: Ver briefing no Lote 3 | E68: Ver briefing | F68: Ver briefing | G68: RASCUNHO
A69: ART-017 | B69: meia página | C69: DOM-008 | D69: Ver briefing no Lote 3 | E69: Ver briefing | F69: Ver briefing | G69: RASCUNHO
... A94: ART-070 | B94: página inteira | C94: ENT-036 | D94: Ver briefing no Bestiário Lote 1 | E94: Ver briefing | F94: Ver briefing | G94: RASCUNHO

Sheet PAGINACAO
A1: Preenchida só na Fase 12. O Revisor audita 100% das referências cruzadas antes do fechamento.
A2: ID | B2: Capítulo | C2: Página | D2: Referências que apontam para ele | E2: Conferido
A3: DOM-001 | B3: 18 — Catálogo de Domínios | E3: não
